"","SD","Median","relabundance","Prevalance"
"Abiotrophia",4.51207139542935e-06,0,0.000114536074557767,0
"Acanthopleuribacter",3.52267613802893e-06,0,4.15151364187383e-05,0
"Acetitomaculum",1.26976964646933e-06,0,1.49643787927218e-05,0
"Acetivibrio",3.52267613802893e-06,0,4.15151364187383e-05,0
"Acetoanaerobium",4.99577843259012e-06,0,0.000134399536160241,0
"Acetobacter",1.61114077768386e-06,0,2.69923973367008e-05,0
"Acetobacterium",4.83836737301023e-06,0,8.11920079767697e-05,0
"Acetonema",9.53310712389749e-07,0,1.12348744884762e-05,0
"Acholeplasma",7.58540616555783e-06,0,0.000335249929934598,0
"Achromobacter",0.00221339382629324,0,0.0263176780312267,0.0138888888888889
"Acidaminobacter",2.99196738632081e-06,0,7.17280621740811e-05,0
"Acidaminococcus",6.6755721990861e-06,0,0.000249679737482158,0
"Aciditerrimonas",2.35485613630975e-06,0,2.7752245711723e-05,0
"Acidithiobacillus",5.98268180709642e-06,0,0.000230137339034135,0
"Acidocella",4.80912006507068e-06,0,0.000130570495849471,0
"Acidovorax",8.2591516000247e-06,0,0.000442838576782805,0
"Acinetobacter",0.0771521069412188,0.0194059258272516,2.14956830160159,0.194444444444444
"Acrocarpospora",1.0648781541484e-06,0,1.25497093989292e-05,0
"Actinoallomurus",2.87434770365986e-06,0,3.38745125457645e-05,0
"Actinobacillus",2.80361665178813e-05,0,0.00109272579922874,0
"Actinobaculum",2.33689640075833e-06,0,4.83297760427189e-05,0
"Actinocatenispora",4.55216455933961e-06,0,0.000111966444911974,0
"Actinocorallia",3.71749437036871e-06,0,0.000107545522626947,0
"Actinokineospora",5.9347719958647e-06,0,0.000178386293017718,0
"Actinomadura",2.90513643727349e-06,0,7.67084798238893e-05,0
"Actinomyces",4.86962341990307e-05,0.000468313882696739,0.00248819771278291,0
"Actinophytocola",2.10399604016492e-06,0,2.47958311265044e-05,0
"Actinoplanes",8.94505024090062e-06,0,0.000262299498131302,0
"Actinopolymorpha",2.87447001403185e-06,0,4.71138292500773e-05,0
"Actinopolyspora",1.8410747146904e-06,0,3.07389186555129e-05,0
"Actinotalea",2.5716182749235e-06,0,5.31822512795657e-05,0
"Actinotignum",5.6253071571167e-06,0,0.000209183493781134,0
"Advenella",1.88474356215129e-06,0,2.22119158932478e-05,0
"Aeribacillus",1.24151835868062e-06,0,1.46314341731777e-05,0
"Aerococcus",0.000253209938107902,0.00128771639419349,0.00740440329241189,0.0277777777777778
"Aeromicrobium",5.67936125261329e-05,0,0.000698828242674678,0
"Aeromonas",0.000245020986175669,0.0011461279488092,0.012488973245801,0
"Aestuariispira",3.52129877874906e-06,0,7.99965841188099e-05,0
"Agaribacter",3.86646317964952e-06,0,7.23155007294622e-05,0
"Aggregatibacter",2.75713300621942e-06,0,7.36876515214668e-05,0
"Agrococcus",7.51167031368152e-06,0,0.000161496035870528,0
"Agromyces",3.71451315603546e-06,0,0.000107878161652949,0
"Aidingimonas",4.18816072968606e-06,0,6.47574714893678e-05,0
"Albidovulum",1.62173015271443e-06,0,1.91122731373179e-05,0
"Alcanivorax",2.4053367178226e-06,0,4.93836755285228e-05,0
"Algicola",1.37520369219834e-05,0,0.000437263696036897,0
"Algimonas",2.64402150420427e-06,0,7.15220770165912e-05,0
"Algiphilus",1.88474356215129e-06,0,2.22119158932478e-05,0
"Algoriphagus",5.46490033385019e-06,0,0.000107998875197326,0
"Alicyclobacillus",1.18506142928546e-05,0,0.000785191478251342,0
"Aliidiomarina",2.1422758533365e-06,0,3.59082215730456e-05,0
"Aliiglaciecola",5.34651124006206e-06,0,0.000173119575293077,0
"Alishewanella",1.05422066703991e-05,0,0.000512305280309938,0
"Alkalibacillus",4.39701163675692e-06,0,0.000130591171703328,0
"Alkalibacter",1.42708011670531e-06,0,1.68183004636469e-05,0
"Alkalibacterium",1.51038194960144e-05,0,0.000923488653808222,0
"Alkalimonas",4.54726266226372e-06,0,0.000104105106461815,0
"Alkaliphilus",2.99325291398322e-06,0,5.91257415870932e-05,0
"Alkanindiges",5.72432552824808e-05,0,0.00135428964403509,0
"Alloactinosynnema",2.43408575908788e-06,0,2.86859757706774e-05,0
"Allobacillus",4.32438976851364e-06,0,0.000123138268052339,0
"Allobaculum",2.86633953665981e-06,0,6.57898121036807e-05,0
"Allocatelliglobosispora",2.92230649434301e-06,0,4.88462804026374e-05,0
"Allochromatium",2.01689927870004e-06,0,4.16613947133353e-05,0
"Allofustis",4.02367826515571e-06,0,5.85656716323536e-05,0
"Alloiococcus",4.27003103754506e-06,0,0.000106224619829554,0
"Allonocardiopsis",8.7379334779947e-07,0,1.0297753359745e-05,0
"Alloscardovia",2.16826926548588e-06,0,3.63665205722961e-05,0
"Alpinimonas",4.37287970397764e-06,0,9.56394368614736e-05,0
"Altererythrobacter",4.36858108072531e-06,0,0.000124785244433338,0
"Alteribacillus",6.1495508692152e-05,0.00166560344483706,0.00278975954901201,0
"Alteromonas",2.16059152992787e-06,0,4.43924164677468e-05,0
"Amaricoccus",4.51282313521349e-06,0,0.00011261530282401,0
"Aminicenantes_genera_incertae_sedis",3.91652747487529e-06,0,0.000113881673538202,0
"Aminobacter",2.62527077465812e-06,0,5.31045516105153e-05,0
"Ammonifex",1.17110988748865e-06,0,1.38016623826307e-05,0
"Ammoniibacillus",6.59625814823101e-06,0,0.000202866389026141,0
"Ammoniphilus",1.82211393858505e-05,0.000963235981958315,0.0012774582443835,0
"Amnibacterium",1.88474356215129e-06,0,2.22119158932478e-05,0
"Amorphus",1.30199224664985e-06,0,1.53441257776403e-05,0
"Amphibacillus",9.46787902728615e-06,0,0.000723857092260597,0
"Amphritea",2.21204182696773e-05,0,0.00135103566007859,0
"Amycolatopsis",1.90756987916455e-05,0,0.000672334464402125,0
"Amycolicicoccus",1.91798088953618e-06,0,3.15705647657661e-05,0
"Anaeroarcus",3.66572563939012e-06,0,5.40648458176674e-05,0
"Anaerobacillus",6.0878851073833e-05,0,0.00162836251610767,0
"Anaerobacter",1.00962177196352e-06,0,1.18985066898164e-05,0
"Anaerobaculum",2.69756295087342e-06,0,3.17910842540031e-05,0
"Anaerobiospirillum",5.21585991345532e-06,0,0.000129300908129007,0
"Anaerobranca",5.0326085643132e-06,0,0.000122003338885784,0
"Anaerococcus",0.058430244194041,0.0518173797623002,1.7143103055946,0.388888888888889
"Anaerofustis",3.8001231878054e-05,0,0.00174059309414603,0
"Anaeroglobus",1.62173015271443e-06,0,1.91122731373179e-05,0
"Anaerolinea",1.73586331937734e-06,0,2.90919618682396e-05,0
"Anaeromusa",3.36322462408745e-06,0,5.64448774952825e-05,0
"Anaeromyxobacter",8.23035447709977e-06,0,0.000480226070529325,0
"Anaeroplasma",1.26976964646933e-06,0,1.49643787927218e-05,0
"Anaerosphaera",8.0680953122368e-06,0,0.000202526869992596,0
"Anaerotruncus",2.93673386986688e-06,0,3.46097405653847e-05,0
"Anaerovorax",5.57190951986626e-06,0,0.000177829358346749,0
"Anaplasma",2.69756295087342e-06,0,3.17910842540031e-05,0
"Andreprevotia",3.19355616964477e-06,0,8.11461127928622e-05,0
"Aneurinibacillus",8.55801745876376e-06,0,0.000325000021819019,0
"Angiococcus",7.68469414844927e-06,0,0.00044685810119546,0
"Angustibacter",5.87346773973376e-06,0,6.92194811307694e-05,0
"Anoxybacillus",0.000160664908952946,0,0.00325550839232813,0.0138888888888889
"Aquabacterium",2.37417941970266e-06,0,3.81130133811992e-05,0
"Aquaspirillum",2.574528877344e-06,0,4.15468461372123e-05,0
"Aquibacillus",3.26903793052425e-06,0,8.28893729214503e-05,0
"Aquicella",6.27321310962478e-06,0,0.000190572982883457,0
"Aquimonas",3.17640909378896e-06,0,3.74343401673465e-05,0
"Aquisalimonas",3.68429338567544e-06,0,5.48323186734331e-05,0
"Arachidicoccus",5.5077063416086e-05,0,0.000910105118252129,0
"Arcanobacterium",3.37884811578505e-06,0,6.53999461834681e-05,0
"Arcobacter",2.57059076162173e-06,0,5.21948816892448e-05,0
"Arenicella",4.28660763952117e-06,0,9.32060087178019e-05,0
"Arenimonas",3.36322462408745e-06,0,5.64448774952825e-05,0
"Arhodomonas",1.03350815917224e-05,0,0.000424577395639633,0
"Armatimonadetes_gp2",8.94628104406572e-06,0,0.00044037097597601,0
"Armatimonadetes_gp4",7.19654950795114e-06,0,0.00035195540642654,0
"Armatimonadetes_gp5",1.06761783722501e-06,0,1.25819968736254e-05,0
"Armatimonadetes_gp7",2.10399604016492e-06,0,2.47958311265044e-05,0
"Armatimonas/Armatimonadetes_gp1",3.7217092018801e-06,0,0.000107327936049593,0
"Arsenicicoccus",7.03262492916105e-05,0,0.00185973477663239,0
"Arsenophonus",1.25999116215283e-05,0,0.000413127130346705,0
"Arthrobacter",0.0559495087106502,0.00410203702961734,0.666606163896106,0.0138888888888889
"Asaccharospora",1.53912929603968e-06,0,1.81388127058755e-05,0
"Asteroleplasma",5.68013475962314e-06,0,0.000243996346425589,0
"Asticcacaulis",4.12599576037894e-06,0,9.93936026227252e-05,0
"Atopobacter",1.7494155834955e-06,0,2.06170603700515e-05,0
"Atopobium",1.09539528375256e-05,0,0.000287855714973478,0
"Atopococcus",2.58285549734689e-06,0,4.13806114360662e-05,0
"Atopostipes",2.66770476557714e-06,0,7.19526351959596e-05,0
"Atribacteria_genera_incertae_sedis",3.45415429666142e-06,0,8.08653142111912e-05,0
"Aureimonas",2.20733356015241e-05,0,0.000442405178847283,0
"Aureispira",1.13000038543103e-06,0,1.33171822546948e-05,0
"Auritidibacter",3.16217960641518e-06,0,4.89249359735281e-05,0
"Austwickia",3.89981477002799e-06,0,7.56397144877544e-05,0
"Azoarcus",1.17110988748865e-06,0,1.38016623826307e-05,0
"Azohydromonas",2.26000077086205e-06,0,2.66343645093897e-05,0
"Azomonas",3.6028526899421e-06,0,7.04081744373645e-05,0
"Azorhizobium",2.40581248107129e-06,0,2.83527719938123e-05,0
"Azospirillum",1.30199224664985e-06,0,1.53441257776403e-05,0
"Azotobacter",6.68038089831552e-05,0,0.00196977305036265,0
"Bacillus",0.301267722064043,0.351804349090247,16.3272546825107,0.875
"Bacteroides",3.16635660166882e-05,0,0.00148923483881985,0
"Balneatrix",4.28440964800633e-06,0,9.50769715913184e-05,0
"Balneola",1.16654257515647e-06,0,1.37478360905993e-05,0
"Barnesiella",1.54174259238329e-06,0,2.5866891653624e-05,0
"Barrientosiimonas",1.8355158427212e-06,0,2.16317616560585e-05,0
"Bavariicoccus",4.91160215934226e-06,0,8.74389315811436e-05,0
"Bdellovibrio",5.64739407090746e-06,0,0.000164664402217957,0
"Beijerinckia",3.38240201673975e-06,0,6.79028160321715e-05,0
"Bellilinea",3.10970728030717e-06,0,4.71594499643139e-05,0
"Bhargavaea",0.0315430308976138,0.00111450867195297,0.375633314768545,0.0138888888888889
"Bifidobacterium",1.94853740021319e-05,0,0.000975020806709815,0
"Bilophila",2.1466117228786e-06,0,2.52980617636999e-05,0
"Biostraticola",4.45675358562723e-06,0,8.36508343265765e-05,0
"Bisgaardia",1.60315499779299e-06,0,1.88933628372087e-05,0
"Blastococcus",2.87488092794231e-06,0,4.39621490566469e-05,0
"Blautia",2.18639774761379e-06,0,4.51379017674398e-05,0
"Bogoriella",1.22982680840565e-05,0,0.000522282114450151,0
"Bordetella",9.95597407947844e-06,0,0.000150704344438888,0
"Bosea",8.50553008428082e-05,0,0.00141468286422776,0
"Bowmanella",1.42708011670531e-06,0,1.68183004636469e-05,0
"Brachybacterium",0.00108126904716761,0.00165081145343804,0.0278940319203331,0.0694444444444444
"Brachyspira",7.35494654211667e-06,0,0.000274545127264341,0
"Brackiella",8.4159841606597e-06,0,9.91833245060175e-05,0
"Bradymonas",3.7258365256487e-06,0,0.000128671263981566,0
"Bradyrhizobium",1.48264659878669e-06,0,1.74731577350874e-05,0
"Branchiibius",2.90219493335016e-06,0,7.84088439721563e-05,0
"Brassicibacter",1.56365521895949e-06,0,1.84278534793999e-05,0
"BRC1_genera_incertae_sedis",1.16475553906127e-06,0,1.37267756682469e-05,0
"Brenneria",0.00043094856374663,0.00189590887240972,0.0204390015379909,0.0694444444444444
"Brevibacillus",0.000924263443599936,0.000404455481585142,0.0120663352156234,0.0138888888888889
"Brevibacterium",0.0314322356669255,0.00685703906564261,0.463490195887374,0.166666666666667
"Brevundimonas",0.000826085163244404,0,0.0107752178511213,0.0138888888888889
"Brochothrix",1.00008571093533e-05,0,0.000484230423313324,0
"Brockia",2.50602251961797e-06,0,3.90974901006124e-05,0
"Brooklawnia",8.34638605351447e-05,0,0.00233868689316698,0
"Buchnera",6.51840188695494e-06,0,0.000264459936864584,0
"Budvicia",0.000104304273910193,0,0.00224768506086026,0
"Bulleidia",1.21202375891148e-06,0,1.42838369814253e-05,0
"Burkholderia",4.64600854169085e-06,0,0.000157560094559141,0
"Buttiauxella",0.000217179997639795,0,0.0063628444605644,0.0138888888888889
"Butyricicoccus",3.39722732949509e-06,0,5.2170249101787e-05,0
"Butyrivibrio",1.88956815451333e-06,0,3.16405935606441e-05,0
"Caldalkalibacillus",1.71748150486463e-06,0,2.86151611532746e-05,0
"Caldanaerobacter",1.30858461245567e-06,0,1.54218175537296e-05,0
"Caldanaerobius",1.60315499779299e-06,0,1.88933628372087e-05,0
"Caldicellulosiruptor",1.0213058266308e-05,0,0.00041341763903227,0
"Caldilinea",1.5192287290392e-06,0,1.79042822746173e-05,0
"Caldisericum",2.83003705365219e-06,0,4.66456085489317e-05,0
"Calditerricola",1.28324641076211e-05,0,0.000447393827119185,0
"Calidifontibacter",2.67777434816887e-06,0,4.34414779886299e-05,0
"Caloramator",2.65728234962484e-06,0,6.19548670400067e-05,0
"Caloranaerobacter",8.7379334779947e-07,0,1.0297753359745e-05,0
"Campylobacter",1.02673579901063e-05,0,0.00040013964154362,0
"Candidatus_Calescibacterium",2.43408575908788e-06,0,2.86859757706774e-05,0
"Candidatus_Cloacamonas",4.40683859674308e-06,0,9.59217376969375e-05,0
"Candidatus_Hydrogenedens",5.21454025617074e-06,0,0.000145251847980923,0
"Candidimonas",5.68258499434678e-06,0,6.69699064028588e-05,0
"Canibacter",5.49898572990445e-06,0,0.000110734799331738,0
"Carboxydocella",1.65246060712737e-06,0,2.69724905992356e-05,0
"Carboxydothermus",1.30858461245567e-06,0,1.54218175537296e-05,0
"Cardiobacterium",1.20183339555168e-05,0,0.000345590397277002,0
"Carnobacterium",1.75607262226021e-05,0,0.000893812321587304,0
"Catellicoccus",1.06761783722501e-06,0,1.25819968736254e-05,0
"Catenibacterium",1.46899896619681e-05,0,0.000545041162500476,0
"Catenovulum",5.73077441197461e-06,0,0.00018494510337991,0
"Catenulispora",2.88689220462262e-06,0,6.89075389911202e-05,0
"Catenuloplanes",1.44756202287393e-06,0,2.42977096607523e-05,0
"Caulobacter",1.76501430692439e-05,0,0.000223002569169949,0
"Cedecea",1.96168216174958e-05,0,0.000753599472136752,0
"Celerinatantimonas",2.38394485847746e-06,0,3.78800586373253e-05,0
"Cellulomonas",0.000624030273393961,0,0.00809253923283989,0.0138888888888889
"Cellulosilyticum",3.2638322878007e-06,0,7.3878975940338e-05,0
"Cellulosimicrobium",0.0094661947529736,0,0.121148698181771,0.0277777777777778
"Cellvibrio",4.60985778936515e-06,0,0.00014622827274259,0
"Cerasibacillus",4.51710856643938e-06,0,0.000155228380659507,0
"Chelativorans",1.30199224664985e-06,0,1.53441257776403e-05,0
"Chelonobacter",1.5192287290392e-06,0,1.79042822746173e-05,0
"Chitinimonas",3.76364416990466e-06,0,5.97899825431002e-05,0
"Chitinivibrio",5.12289519413041e-06,0,0.000146663002149742,0
"Chlamydia",4.5185610738952e-06,0,0.000111318348049546,0
"Chlorobaculum",1.92473491874496e-06,0,3.13788338969764e-05,0
"Chloroherpeton",6.6718219940007e-06,0,0.000204168251418336,0
"Chlorophyta",1.36321756658864e-05,0,0.000550490210902943,0
"Chromatium",8.3889327885672e-06,0,0.000306381878655853,0
"Chromohalobacter",3.52267613802893e-06,0,4.15151364187383e-05,0
"Chryseobacterium",4.98882312070802e-06,0,8.33010185758828e-05,0
"Chryseomicrobium",2.49068242209322e-05,0,0.000629639183191134,0
"Chthonomonas/Armatimonadetes_gp3",2.05880860400256e-06,0,4.25406621910551e-05,0
"Chungangia",4.55754947257132e-06,0,0.000115716733170852,0
"Citricoccus",2.33960163884479e-05,0,0.00038918025211222,0
"Citrobacter",0.0012702747516219,0,0.0216916241107046,0.0277777777777778
"Cloacibacterium",1.17110988748865e-06,0,1.38016623826307e-05,0
"Clostridium_III",8.2477909689568e-06,0,0.000411761641395198,0
"Clostridium_IV",6.39535779401736e-06,0,0.000182727334035948,0
"Clostridium_sensu_stricto",0.0409819473369933,0.00727368499421373,0.705027797012013,0.0833333333333333
"Clostridium_XI",0.000372529570645899,0,0.00482260263721245,0.0138888888888889
"Clostridium_XII",3.73488824627837e-06,0,8.30523464899285e-05,0
"Clostridium_XlVa",1.03186042925389e-05,0,0.000437876329648383,0
"Clostridium_XlVb",2.89955270806316e-06,0,6.95149135844413e-05,0
"Clostridium_XVIII",5.39006801070946e-06,0,0.000173199573887666,0
"Cohnella",1.74617884940913e-05,0,0.000859824020520057,0
"Collinsella",5.23928185164608e-06,0,0.000144913725584429,0
"Colwellia",7.04013531692936e-06,0,0.000308983652078177,0
"Comamonas",5.9625456630458e-06,0,0.00011654475946318,0
"Compostibacillus",2.37512757061128e-06,0,5.6480663331495e-05,0
"Conchiformibius",1.88474356215129e-06,0,2.22119158932478e-05,0
"Conexibacter",9.53310712389749e-07,0,1.12348744884762e-05,0
"Congregibacter",6.22631457195402e-06,0,0.000195205317941379,0
"Constrictibacter",1.27436936566273e-06,0,1.50185870032753e-05,0
"Coprobacillus",1.17110988748865e-06,0,1.38016623826307e-05,0
"Coprococcus",1.43441005596103e-06,0,1.69046846262036e-05,0
"Corallomonas",7.44302933188479e-06,0,0.000291178899459836,0
"Corynebacterium",0.0230958216658689,0.253464948772312,1.04524306280935,0.736111111111111
"Cosenzaea",0.00188527254631362,0,0.0222851673084442,0.0138888888888889
"Coxiella",7.72142428271237e-06,0,0.000361677507559346,0
"Cronobacter",0.00274528515487695,0,0.0596170433379793,0.0694444444444444
"Cruoricaptor",8.19779627634631e-05,0,0.00250727926603602,0
"Cryobacterium",1.61264158311555e-05,0,0.0007617786064414,0
"Cryomorpha",3.89191671998144e-06,0,4.58666784085363e-05,0
"Cryptanaerobacter",2.01418834810944e-06,0,3.35673737048122e-05,0
"Cryptosporangium",2.42279844320421e-06,0,5.7953494031979e-05,0
"Curtobacterium",2.07321791836642e-05,0,0.000244331074825725,0
"Cycloclasticus",4.69303972108763e-06,0,8.90150112606332e-05,0
"Cytophaga",1.40590187051461e-06,0,1.65687124387289e-05,0
"Dactylosporangium",7.9574995942698e-06,0,0.00012198779534465,0
"Deferribacter",2.94952496327003e-06,0,6.9893586565505e-05,0
"Deferrisoma",3.19664312371467e-06,0,9.42683290190168e-05,0
"Defluviicoccus",2.41327660560428e-06,0,4.04035745025861e-05,0
"Defluviimonas",3.9981095334991e-06,0,9.10211990080259e-05,0
"Dehalobacter",1.25544496972215e-06,0,1.47955608582846e-05,0
"Dehalococcoides",2.90486021311282e-06,0,6.69696730019819e-05,0
"Dehalogenimonas",1.49604735255802e-06,0,1.76310871328326e-05,0
"Deinococcus",1.53918445626113e-05,0,0.000775100856216736,0
"Delftia",1.48300925188852e-05,0,0.000656264070216748,0
"Demequina",2.30520535863463e-05,0,0.000467127724543772,0
"Demetria",2.33942698384754e-06,0,4.81507628365869e-05,0
"Denitratisoma",1.96348880109875e-06,0,3.24294553920127e-05,0
"Dermabacter",0.00602578834258448,0.0501896256090128,0.374389928835454,0.402777777777778
"Dermacoccus",3.8309967305111e-05,0,0.00055151292602046,0
"Dermatophilus",2.53953929293866e-06,0,2.99287575854436e-05,0
"Derxia",1.90527095865053e-06,0,3.19232716294789e-05,0
"Desemzia",3.11837912356e-06,0,6.2863146592525e-05,0
"Desertibacter",1.43717385182993e-06,0,1.69372562728822e-05,0
"Desulfacinum",1.25971236075163e-06,0,1.48458525438665e-05,0
"Desulfarculus",1.6833470960971e-06,0,1.98384357790157e-05,0
"Desulfatibacillum",3.38584674260613e-06,0,7.84652306079897e-05,0
"Desulfitobacterium",2.07085370025743e-06,0,4.2058816963735e-05,0
"Desulfobacca",1.43717385182993e-06,0,1.69372562728822e-05,0
"Desulfobacterium",1.53912929603968e-06,0,1.81388127058755e-05,0
"Desulfobotulus",1.00962177196352e-06,0,1.18985066898164e-05,0
"Desulfobulbus",2.86149626020111e-06,0,4.6824788476553e-05,0
"Desulfocapsa",1.25544496972215e-06,0,1.47955608582846e-05,0
"Desulfocella",1.17110988748865e-06,0,1.38016623826307e-05,0
"Desulfococcus",2.69804892676411e-06,0,5.48320543987034e-05,0
"Desulfocurvus",3.89191671998144e-06,0,4.58666784085363e-05,0
"Desulfofaba",6.99393103076342e-06,0,0.000123609746133482,0
"Desulfoglaeba",2.76886598707877e-06,0,4.50683607225478e-05,0
"Desulfohalobium",5.17908108515101e-06,0,0.000176816020398796,0
"Desulfomicrobium",6.79842763800246e-06,0,0.000193000848223713,0
"Desulfomonile",4.2185454135987e-06,0,6.5705114187552e-05,0
"Desulfonatronobacter",8.7379334779947e-07,0,1.0297753359745e-05,0
"Desulfonatronospira",2.3554209177311e-06,0,2.77589017246051e-05,0
"Desulfonatronovibrio",1.4206462485867e-06,0,1.67424766007147e-05,0
"Desulfonatronum",1.21468460965305e-06,0,1.43151954081434e-05,0
"Desulfonema",4.86424312601968e-06,0,0.000130545999084592,0
"Desulfonispora",4.76082633050135e-06,0,0.000130721856364347,0
"Desulfopila",4.1384165664737e-06,0,0.00011566052044382,0
"Desulforhopalus",1.60315499779299e-06,0,1.88933628372087e-05,0
"Desulfosarcina",3.36322462408745e-06,0,5.64448774952825e-05,0
"Desulfosporomusa",5.63473464243407e-06,0,0.000147467187516008,0
"Desulfosporosinus",1.56658028515275e-05,0,0.000768143040887291,0
"Desulfotomaculum",2.00018981830127e-05,0.00193319209934325,0.00235613745421893,0
"Desulfovibrio",2.22508231822275e-05,0.00109110616453304,0.00179670912971923,0
"Desulfovirga",2.1466117228786e-06,0,2.52980617636999e-05,0
"Desulfurella",4.19961290582157e-06,0,0.000109125117348869,0
"Desulfuribacillus",3.9137429202307e-06,0,0.000138699518281579,0
"Desulfuromonas",1.93703473312007e-06,0,2.28281732530512e-05,0
"Desulfurispira",2.25216644021883e-06,0,3.70577684371143e-05,0
"Desulfurobacterium",9.67957338508204e-06,0,0.000324803867352152,0
"Devriesea",3.9505579343092e-06,0,8.96939478112174e-05,0
"Dialister",1.13993909781033e-05,0,0.000678760538382677,0
"Dickeya",7.20811002135304e-05,0,0.00189021518709224,0
"Dietzia",0.000164281469479837,0,0.00248112940131791,0.0138888888888889
"Diplorickettsia",1.48264659878669e-06,0,1.74731577350874e-05,0
"Dokdonella",2.35311643068023e-06,0,2.77317430842579e-05,0
"Dokdonia",8.28453774681285e-06,0,0.000141704174434925,0
"Dolosicoccus",2.3554209177311e-06,0,2.77589017246051e-05,0
"Dolosigranulum",1.17110988748865e-06,0,1.38016623826307e-05,0
"Domibacillus",1.48371918090338e-05,0,0.000681581094641161,0
"Dorea",4.38421298804799e-06,0,8.49704850880006e-05,0
"Dyadobacter",1.25544496972215e-06,0,1.47955608582846e-05,0
"Dyella",1.98387436034522e-06,0,4.0865644666533e-05,0
"Dysgonomonas",3.97372965803877e-06,0,0.000101915874687319,0
"Ectothiorhodospira",6.23651049387662e-06,0,0.000268965346908313,0
"Edwardsiella",9.39395099833748e-06,0,0.000323406195462039,0
"Effusibacillus",1.68054847500366e-05,0.000913543025485485,0.00119916279841192,0
"Eggerthella",1.60315499779299e-06,0,1.88933628372087e-05,0
"Eggerthia",1.25544496972215e-06,0,1.47955608582846e-05,0
"Ehrlichia",2.03449346121383e-06,0,3.3586271869615e-05,0
"Eionea",1.64740282773933e-06,0,2.75463756663472e-05,0
"Eisenbergiella",2.30791027333851e-06,0,2.7198983410796e-05,0
"Elizabethkingia",5.14619403720847e-06,0,0.000162851989592087,0
"Elusimicrobium",7.86074505071079e-06,0,0.000106017193798498,0
"Emticicia",1.21468460965305e-06,0,1.43151954081434e-05,0
"Endobacter",1.45846142009208e-05,0,0.000673884234247808,0
"Endozoicomonas",6.8914659804714e-06,0,0.000243911716967924,0
"Enhydrobacter",9.12357584515815e-05,0,0.00272073195220461,0
"Ensifer",2.6092592814839e-06,0,6.14778218754525e-05,0
"Enteractinococcus",4.36896673899736e-06,0,5.14887667987251e-05,0
"Enterobacter",0.098280400833673,0.00748369991707172,3.03725466515603,0.166666666666667
"Enterococcus",0.00728965074491805,0.00503835819937626,0.172067249870827,0.0833333333333333
"Entomoplasma",2.10452302554191e-06,0,4.32433384828036e-05,0
"Eremococcus",3.42148570181522e-05,0.0011967641884159,0.00200513128136532,0
"Erwinia",0.0409291093089352,0.00103557748231269,0.556734333235801,0.0555555555555556
"Erysipelothrix",2.93673386986688e-06,0,3.46097405653847e-05,0
"Erysipelotrichaceae_incertae_sedis",1.42359953536208e-05,0,0.000526630168899887,0
"Erythrobacter",1.60293694673374e-06,0,1.88907930808314e-05,0
"Escherichia/Shigella",9.96752141826209e-05,0.001920928483762,0.00583432557827337,0
"Eubacterium",8.18900269840258e-06,0,0.00033128096010689,0
"Eudoraea",1.44375863916496e-06,0,1.70148587358368e-05,0
"Euzebya",1.24860302600483e-05,0,0.000494009596795042,0
"Ewingella",1.77483401096445e-05,0,0.000262316262633597,0
"Exiguobacterium",0.0738400754787292,0.0159483478914959,1.19888284318758,0.0694444444444444
"Ezakiella",8.35205413069571e-06,0,0.000204481176895151,0
"Facklamia",0.000105563730299572,0.00203517637258537,0.00464170637800104,0
"Faecalibacterium",2.74233788470389e-05,0,0.00104172751604384,0
"Falsibacillus",3.37152265241109e-06,0,8.02218583973768e-05,0
"Falsirhodobacter",1.30199224664985e-06,0,1.53441257776403e-05,0
"Fastidiosipila",9.04000308344821e-06,0,0.000106537458037559,0
"Faucicola",4.71935557726899e-06,0,0.000129574503784365,0
"Ferrimonas",4.30731661460333e-06,0,9.43137634951721e-05,0
"Ferrovum",2.10399604016492e-06,0,2.47958311265044e-05,0
"Fervidobacterium",4.56904124520897e-06,0,0.000104384605670294,0
"Fictibacillus",1.58064977805098e-05,0,0.000854702337796881,0
"Filifactor",1.30199224664985e-06,0,1.53441257776403e-05,0
"Filobacillus",3.3823984707409e-06,0,8.39532083461733e-05,0
"Finegoldia",0.00173089579158081,0,0.0399803566290993,0.0972222222222222
"Flammeovirga",1.89455685308527e-06,0,3.10618578834752e-05,0
"Flaviflexus",3.11583154662607e-06,0,7.26025593893663e-05,0
"Flavisolibacter",4.44793979636007e-06,0,5.24194732052621e-05,0
"Flavobacterium",4.72736030464081e-06,0,0.000104837207295461,0
"Flectobacillus",4.70967827514314e-06,0,0.000117347961264319,0
"Flexistipes",2.1466117228786e-06,0,2.52980617636999e-05,0
"Flexivirga",6.75536526049194e-06,0,0.000140922733642949,0
"Fodinicola",3.89191671998144e-06,0,4.58666784085363e-05,0
"Fontibacillus",2.95830789483862e-06,0,5.95611628493715e-05,0
"Fontimonas",3.50205665530755e-06,0,9.18507414090138e-05,0
"Formivibrio",2.5989620494409e-06,0,5.11217323449975e-05,0
"Francisella",5.62165778146893e-06,0,0.000170181942582788,0
"Franconibacter",8.49823179742997e-05,0,0.00184203806854745,0
"Frigoribacterium",1.88474356215129e-06,0,2.22119158932478e-05,0
"Frondihabitans",3.50778184091501e-06,0,7.0087403812067e-05,0
"Fructobacillus",3.12067948854672e-06,0,7.06343602140358e-05,0
"Fulvitalea",1.53912929603968e-06,0,1.81388127058755e-05,0
"Fulvivirga",1.8355158427212e-06,0,2.16317616560585e-05,0
"Fusibacter",4.92436195019703e-06,0,0.00010538002279001,0
"Fusicatenibacter",4.27651165206237e-06,0,0.000119515440833868,0
"Fusobacterium",1.4206462485867e-06,0,1.67424766007147e-05,0
"Gaiella",2.03385682978359e-06,0,3.3911949840484e-05,0
"Galenea",1.60281678787852e-06,0,2.65790002661165e-05,0
"Gallaecimonas",1.40590187051461e-06,0,1.65687124387289e-05,0
"Gallicola",6.92180035991544e-06,0,0.000196902946167368,0
"Gallionella",2.97746172003949e-06,0,4.93030361407289e-05,0
"Gardnerella",1.49604735255802e-06,0,1.76310871328326e-05,0
"Garicola",9.53310712389749e-07,0,1.12348744884762e-05,0
"Gemella",8.39564691764457e-06,0,0.000675872138299542,0
"Gemmatimonas",3.28853224873058e-06,0,3.87557242204674e-05,0
"Gemmiger",5.83531958093125e-06,0,0.000135153603660783,0
"Gemmobacter",2.02887710606651e-06,0,4.1964697181192e-05,0
"Geoalkalibacter",7.88791266602499e-06,0,0.000388414791684838,0
"Geobacillus",3.22492317613122e-05,0,0.00181074805911939,0
"Geobacter",4.73132587620437e-06,0,0.000158455174766417,0
"Geodermatophilus",8.19427727914674e-06,0,0.00017851508517842,0
"Geomicrobium",6.16413491438716e-06,0,0.000274130522473609,0
"Geopsychrobacter",3.09272558644328e-06,0,5.18612471544272e-05,0
"Georgenia",6.37053571932121e-06,0,0.000187662267356234,0
"Geothermobacter",3.65672700550774e-06,0,8.32949246309458e-05,0
"Geothermomicrobium",5.71392361940208e-06,0,0.000176068428635026,0
"Geothrix",1.04308202242483e-05,0,0.000499300692103747,0
"Gibbsiella",2.23118745684932e-05,0,0.000493174508981271,0
"Gilvimarinus",1.86098265035837e-06,0,3.02295255947246e-05,0
"Glaciecola",7.51413186338051e-06,0,0.00035033892588883,0
"Globicatella",0.00261048393168257,0,0.0311708115628721,0.0138888888888889
"Gluconacetobacter",4.48699630869158e-06,0,0.000191470832451397,0
"Gluconobacter",1.60293694673374e-06,0,1.88907930808314e-05,0
"Glycomyces",1.94910137063023e-05,0,0.000798081601324511,0
"Gordonia",0.000176547664858724,0,0.00248287032430904,0.0138888888888889
"Gordonibacter",2.09095143730323e-06,0,3.50760689787578e-05,0
"Gracilibacillus",1.80954747190841e-05,0,0.00104848761194751,0
"Granulicatella",2.18618684528565e-06,0,4.48507154669973e-05,0
"Granulicoccus",2.02273549807661e-06,0,3.39521150087191e-05,0
"Gryllotalpicola",1.88500528238765e-06,0,3.85793144071617e-05,0
"Gulosibacter",0.000646353774717942,0,0.0139461703178273,0.0416666666666667
"Gynuella",3.52267613802893e-06,0,4.15151364187383e-05,0
"Haematobacter",0.00018313880988181,0,0.00297393122085203,0.0138888888888889
"Haemophilus",2.2605074793387e-06,0,3.710118315013e-05,0
"Hafnia",3.24346030542887e-06,0,3.82245462746357e-05,0
"Hahella",8.36154696486099e-05,0.00187159566119416,0.00525511531152205,0
"Halalkalibacillus",1.30199224664985e-06,0,1.53441257776403e-05,0
"Halanaerobacter",5.22911374759034e-06,0,0.000119213557912376,0
"Halanaerobaculum",2.30819076845649e-06,0,3.87317986162244e-05,0
"Halanaerobium",2.96061736733011e-05,0.00181633761557903,0.00257290248059289,0
"Haliangium",1.21370973071122e-05,0,0.000583426462323384,0
"Haliea",5.57884394809523e-06,0,0.000174434516801925,0
"Halioglobus",2.1297563082968e-06,0,2.50994187978583e-05,0
"Halobacillus",1.12234931721194e-05,0,0.000663130165820665,0
"Halobacteriovorax",9.53310712389749e-07,0,1.12348744884762e-05,0
"Halobacteroides",1.49604735255802e-06,0,1.76310871328326e-05,0
"Halochromatium",6.6559134631187e-06,0,0.00021938445400356,0
"Halolactibacillus",1.93413254523734e-05,0,0.000298287120973242,0
"Halomonas",0.000364420306963065,0.00280014772002704,0.0150516223736304,0.0277777777777778
"Halonatronum",4.02776063091339e-06,0,7.54869386251959e-05,0
"Haloplasma",8.05368078435387e-06,0,0.000269857073940931,0
"Halorhodospira",2.32094087902515e-06,0,3.89507089163336e-05,0
"Halospina",1.00962177196352e-06,0,1.18985066898164e-05,0
"Hathewaya",2.15208975906325e-06,0,4.38303404140306e-05,0
"Hazenella",3.57836659416673e-06,0,0.000112843167386191,0
"Helcobacillus",6.33800152862776e-06,0,0.000170476230560966,0
"Helcococcus",1.78541757643537e-05,0,0.00074302369251459,0
"Helicobacter",5.98236938586709e-06,0,0.000235238547713637,0
"Heliobacterium",3.67367286420908e-06,0,7.95740058057709e-05,0
"Heliophilum",1.32829604077357e-05,0,0.000690512709979436,0
"Heliorestis",1.00962177196352e-06,0,1.18985066898164e-05,0
"Henriciella",6.04207931796626e-06,0,0.000153986988073084,0
"Herbaspirillum",1.13000038543103e-06,0,1.33171822546948e-05,0
"Herbiconiux",1.40464814457151e-05,0,0.000252809182661983,0
"Hoeflea",2.26869368177694e-06,0,5.40960327863098e-05,0
"Holdemania",6.03439143175025e-06,0,0.000155599856589472,0
"Homoserinimonas",1.48264659878669e-06,0,1.74731577350874e-05,0
"Howardella",1.13000038543103e-06,0,1.33171822546948e-05,0
"Hydrocarboniphaga",1.49604735255802e-06,0,1.76310871328326e-05,0
"Hydrogenibacillus",2.25590760866691e-06,0,5.42293178412396e-05,0
"Hydrogenimonas",1.6412912180602e-06,0,2.754949847323e-05,0
"Hydrogenispora",2.32567253814102e-06,0,2.74083137089807e-05,0
"Hydrogenivirga",1.38386268594495e-06,0,1.63089781577117e-05,0
"Hymenobacter",1.13000038543103e-06,0,1.33171822546948e-05,0
"Hyphomicrobium",1.81349782956979e-06,0,3.02218668808985e-05,0
"Iamia",1.56365521895949e-06,0,1.84278534793999e-05,0
"Idiomarina",5.94770299960147e-06,0,0.000152602994648721,0
"Ignavigranum",6.65218022125279e-06,0,0.000103410131459254,0
"Ilumatobacter",2.62716922836768e-05,0.00106734206024147,0.00184920536812836,0
"Insolitispirillum",8.19952932802421e-06,0,0.000257674527848682,0
"Intestinibacter",2.40581248107129e-06,0,2.83527719938123e-05,0
"Intestinimonas",9.77135352702679e-05,0.00163543590128489,0.00565223353051471,0
"Intrasporangium",1.78223896152688e-06,0,2.96834562032889e-05,0
"Isobaculum",4.31128217454549e-06,0,0.000103441179408244,0
"Isoptericola",5.51731541660127e-05,0,0.000947132390766995,0
"Janibacter",0.00171955649121112,0,0.0290560745178812,0.0277777777777778
"Jannaschia",1.65256216563709e-06,0,2.76415807212792e-05,0
"Jatrophihabitans",4.71652235796059e-06,0,9.92619274006839e-05,0
"Jeongeupia",1.48264659878669e-06,0,1.74731577350874e-05,0
"Jeotgalibacillus",1.0813693049838e-05,0,0.000386396621534203,0
"Jeotgalicoccus",9.08280391871534e-05,0.00101107797710601,0.00244849319375486,0
"Jiangella",8.1474913951262e-06,0,0.000133936103206976,0
"Jonesia",7.56891450603468e-06,0,0.000103067917291986,0
"Kaistia",4.91416342835847e-06,0,8.2210557460913e-05,0
"Kandleria",3.45456828866594e-06,0,9.02632053408523e-05,0
"Kangiella",7.10633302303175e-06,0,0.000280090170476148,0
"Kerstersia",3.43963784001552e-06,0,7.05424687732119e-05,0
"Kineococcus",9.64658035143913e-06,0,0.000305726669308837,0
"Kineosphaera",7.75300522385855e-06,0,0.000234265461950355,0
"Kineosporia",2.01324135531086e-05,0,0.00103142183190468,0
"Kistimonas",3.5006609891829e-06,0,9.88052486400597e-05,0
"Kitasatospora",4.34882119426698e-06,0,0.0001223274196474,0
"Klebsiella",0.160964256750061,0.00921545663738296,5.50353017414026,0.194444444444444
"Klugiella",4.90033326159335e-05,0,0.000577509813224442,0
"Kluyvera",0.000626474866318802,0,0.00750081549321879,0.0138888888888889
"Knoellia",7.92918144864058e-05,0,0.000934462995265387,0
"Kocuria",0.000171787361735175,0.000989086023318464,0.00376378266356642,0.0138888888888889
"Kofleria",3.91117423210976e-06,0,0.000103649111368149,0
"Komagataeibacter",7.90925661869613e-06,0,0.000317181471150076,0
"Kordiimonas",1.30858461245567e-06,0,1.54218175537296e-05,0
"Kosakonia",0.000147099661509181,0,0.00720433611870966,0
"Kribbella",1.74188880418833e-06,0,2.82020356343623e-05,0
"Kurthia",6.36344780088904e-06,0,0.000275779853284139,0
"Kushneria",3.36106205730105e-06,0,8.6094835582344e-05,0
"Kyrpidia",6.01155357464857e-06,0,0.000221344697729428,0
"Kytococcus",2.13925327167804e-05,0,0.000339454675718279,0
"Labedella",4.56815256949904e-06,0,7.64425012704059e-05,0
"Labrys",1.36045910232214e-06,0,1.60331642796492e-05,0
"Laceyella",1.04152820779866e-05,0,0.00081388210618361,0
"Lachnoanaerobaculum",1.6117495924201e-06,0,1.89946511062485e-05,0
"Lachnospiracea_incertae_sedis",8.99616724724441e-06,0,0.000348852223672937,0
"Lacticigenium",2.1686584867419e-06,0,5.1741378382177e-05,0
"Lactobacillus",5.39189284171737e-05,0.00543186379925832,0.00657129552907089,0
"Lactococcus",0.0283847838761693,0,0.337306213661605,0.0138888888888889
"Lactovum",2.35311643068023e-06,0,2.77317430842579e-05,0
"Lamprocystis",4.15588064497481e-06,0,7.90711780896263e-05,0
"Larkinella",2.48303671736124e-06,0,2.92628683463553e-05,0
"Latescibacteria_genera_incertae_sedis",3.99519817734946e-06,0,0.000125710214055314,0
"Lautropia",6.8109337934749e-06,0,0.000222293994787232,0
"Lawsonia",2.1297563082968e-06,0,2.50994187978583e-05,0
"Lebetimonas",2.26000077086205e-06,0,2.66343645093897e-05,0
"Legionella",9.1205332115752e-06,0,0.000426857848274844,0
"Leifsonia",1.52128302702009e-05,0,0.000237934900347442,0
"Leminorella",2.71507838456437e-06,0,6.37226371316239e-05,0
"Lentibacillus",1.90813190669984e-05,0,0.000952388411644289,0
"Lentisphaera",1.17110988748865e-06,0,1.38016623826307e-05,0
"Lentzea",2.55939464817756e-06,0,5.24054135132823e-05,0
"Leptolinea",3.52267613802893e-06,0,4.15151364187383e-05,0
"Leptonema",1.13000038543103e-06,0,1.33171822546948e-05,0
"Leptospira",6.76550072771027e-06,0,0.000294028101702034,0
"Leptothrix",1.44375863916496e-06,0,1.70148587358368e-05,0
"Leucobacter",0.00417249069020279,0,0.0535707415784303,0.0138888888888889
"Leuconostoc",1.35394944466485e-05,0,0.000648923147407817,0
"Lewinella",2.3554209177311e-06,0,2.77589017246051e-05,0
"Limisphaera",2.99586606445289e-06,0,4.99708176178528e-05,0
"Limnobacter",1.30858461245567e-06,0,1.54218175537296e-05,0
"Lishizhenia",1.65296057614988e-06,0,1.948032720716e-05,0
"Listeria",1.04586344073277e-05,0,0.00060373070413454,0
"Litoribacillus",2.5108899394443e-06,0,2.95911217165691e-05,0
"Litoribrevibacter",4.27873756187179e-06,0,8.22350157361678e-05,0
"Litorivivens",1.62173015271443e-06,0,1.91122731373179e-05,0
"Longimycelium",5.50714755830725e-06,0,0.000109593730720522,0
"Lonsdalea",5.57375175026311e-06,0,0.000169223857696275,0
"Luteibacter",3.4890407118166e-06,0,8.98693779676188e-05,0
"Luteimicrobium",6.19856191446491e-06,0,9.35616107360569e-05,0
"Luteimonas",0.00244900797713994,0,0.0373663855280461,0.0277777777777778
"Luteipulveratus",2.93673386986688e-06,0,3.46097405653847e-05,0
"Luteococcus",2.32951107812253e-06,0,2.74535513364938e-05,0
"Lysinibacillus",1.67922478253521e-05,0.00127314395108216,0.00171611745313657,0
"Lysinimicrobium",2.985117974404e-06,0,6.72256353752577e-05,0
"Lysobacter",1.09066081377638e-05,0,0.000646213861046509,0
"Macrococcus",1.83361872557145e-05,0.000866504573728566,0.00138785158187393,0
"Mangrovibacter",6.57775152336813e-06,0,0.000104435019990936,0
"Maricaulis",3.42654988424556e-06,0,0.000100917613018926,0
"Marichromatium",2.9771683107454e-06,0,7.90841378471652e-05,0
"Marinactinospora",3.89861203319382e-06,0,7.05231078002672e-05,0
"Marinilactibacillus",4.13099637898094e-06,0,4.8684259210575e-05,0
"Mariniluteicoccus",3.23157977239362e-05,0,0.000397644402492114,0
"Marinimicrobium",2.1466117228786e-06,0,2.52980617636999e-05,0
"Marininema",1.0648781541484e-06,0,1.25497093989292e-05,0
"Marinitoga",3.27162815890906e-06,0,9.65332842454386e-05,0
"Marinobacter",2.09445849287304e-05,0,0.0012926738753431,0
"Marinobacterium",2.51004217182217e-06,0,5.16610399598846e-05,0
"Marinococcus",4.51941271349885e-06,0,0.000158712742564145,0
"Marinomonas",1.47412731190098e-05,0,0.000658100689791621,0
"Marinospirillum",3.64661427416939e-06,0,0.000107213363770594,0
"Marvinbryantia",1.49604735255802e-06,0,1.76310871328326e-05,0
"Massilia",3.4722611411387e-06,0,8.12183721366109e-05,0
"Megamonas",7.5622982717184e-06,0,0.000191582343340814,0
"Meganema",6.20720433330083e-06,0,0.000236011264655004,0
"Megasphaera",4.76996709571994e-06,0,0.000149315927395998,0
"Melghiribacillus",2.56034411899745e-06,0,4.01853216388867e-05,0
"Melghirimyces",1.06761783722501e-06,0,1.25819968736254e-05,0
"Melissococcus",1.27736045509981e-05,0,0.000516501338830754,0
"Mesoplasma",3.58426551395316e-06,0,0.000133018019493251,0
"Mesorhizobium",5.62361773410029e-06,0,0.000208849287374814,0
"Methylarcula",2.14484796944626e-05,0,0.000862752681400055,0
"Methylobacillus",7.24848995849635e-06,0,0.000294499550208036,0
"Methylobacter",6.09740291805431e-06,0,0.000155456663814531,0
"Methylobacterium",3.50736640375923e-06,0,6.69084671746797e-05,0
"Methylocaldum",1.26536602600238e-06,0,1.49124816278226e-05,0
"Methylogaea",4.70541766470966e-06,0,9.01133194378213e-05,0
"Methylohalobius",8.12275395218258e-06,0,0.00012041933258775,0
"Methylomarinovum",4.39187410140551e-06,0,9.95564428530984e-05,0
"Methylomicrobium",4.36941540264139e-06,0,8.40695990016279e-05,0
"Methylomonas",2.96571650697747e-06,0,5.79094557070377e-05,0
"Methyloparacoccus",3.03520413045034e-06,0,5.056468788706e-05,0
"Methylophaga",1.59942142731677e-05,0,0.00085329746992596,0
"Methyloprofundus",1.60293694673374e-06,0,1.88907930808314e-05,0
"Methylosarcina",1.30199224664985e-06,0,1.53441257776403e-05,0
"Methylothermus",9.84425182073431e-06,0,0.000382278108097699,0
"Methylovulum",3.45483818447884e-06,0,0.00011034962146046,0
"Microaerobacter",5.99614256693284e-06,0,0.000155028972198822,0
"Microbacterium",0.000143983936902234,0,0.00369645530977195,0
"Microbulbifer",1.06672683089917e-05,0,0.000573994511369163,0
"Microcella",1.6117495924201e-06,0,1.89946511062485e-05,0
"Micrococcus",0.0035595030144893,0.00722853249962649,0.108667626055551,0.125
"Microgenomates_genera_incertae_sedis",1.23157686154158e-05,0,0.00033217470325592,0
"Microlunatus",4.31349908709262e-06,0,0.000130850646792986,0
"Micromonospora",2.00970940332157e-05,0,0.000687342601524393,0
"Micropruina",1.90127077302122e-06,0,3.14365724431982e-05,0
"Microvirga",2.94316885897131e-06,0,5.75507829789377e-05,0
"Millisia",3.76948712430258e-06,0,4.44238317864955e-05,0
"Mitsuokella",1.98633014298903e-06,0,3.29833153484328e-05,0
"Mobilicoccus",2.93673386986688e-06,0,3.46097405653847e-05,0
"Mobiluncus",4.1603731470658e-06,0,7.18828538870484e-05,0
"Modestobacter",3.41578556313949e-06,0,9.21251276619886e-05,0
"Moellerella",2.84084754585039e-06,0,4.68711748619229e-05,0
"Mogibacterium",1.06402693317713e-05,0,0.000632093839370153,0
"Moorella",1.30858461245567e-06,0,1.54218175537296e-05,0
"Moraxella",0.00467878872011577,0.00587375390388017,0.156963979010518,0.152777777777778
"Morganella",1.37563949011178e-05,0,0.000461555114784511,0
"Moritella",8.51003545832497e-06,0,0.000188942812830116,0
"Mucilaginibacter",2.50168047463981e-06,0,4.99454348530941e-05,0
"Mucispirillum",2.1466117228786e-06,0,2.52980617636999e-05,0
"Mumia",1.88474356215129e-06,0,2.22119158932478e-05,0
"Murdochiella",1.13000038543103e-06,0,1.33171822546948e-05,0
"Muriicola",2.3554209177311e-06,0,2.77589017246051e-05,0
"Mycetocola",3.76724169258966e-06,0,6.09676401137151e-05,0
"Mycobacterium",4.14229877092826e-05,0.00113462033308724,0.00259047358349095,0
"Mycoplasma",1.84593593319414e-05,0.00100951095875005,0.00141977484719626,0
"Naasia",5.21249142076104e-06,0,8.73818148272746e-05,0
"Nannocystis",3.19850715565421e-06,0,8.38782508006122e-05,0
"Natranaerobius",1.7494155834955e-06,0,2.06170603700515e-05,0
"Natribacillus",2.35311643068023e-06,0,2.77317430842579e-05,0
"Natroniella",6.01996688428939e-06,0,0.000218822708571415,0
"Natronincola",1.6117495924201e-06,0,1.89946511062485e-05,0
"Natronobacillus",1.0648781541484e-06,0,1.25497093989292e-05,0
"Natronocella",2.88598434428726e-06,0,5.79930869835393e-05,0
"Negativicoccus",2.82929496474321e-05,0,0.000425778302659722,0
"Neisseria",3.24346030542887e-06,0,3.82245462746357e-05,0
"Neoasaia",1.39995640633102e-06,0,1.64986444713702e-05,0
"Neochlamydia",3.67854558791572e-06,0,5.97555415863031e-05,0
"Neorickettsia",1.17110988748865e-06,0,1.38016623826307e-05,0
"Neptuniibacter",5.08235911382565e-06,0,8.57975058558642e-05,0
"Neptunomonas",5.40625298767854e-06,0,0.000110015375484811,0
"Nesterenkonia",1.40302424438978e-05,0,0.000463895954287378,0
"Nevskia",2.74994297164561e-06,0,7.43879052375028e-05,0
"Nguyenibacter",2.29629849624211e-06,0,3.82004740947874e-05,0
"Niabella",2.52228995835463e-06,0,3.93068203987971e-05,0
"Nisaea",1.60293694673374e-06,0,1.88907930808314e-05,0
"Nitrincola",6.07617855704014e-06,0,0.000195319302199264,0
"Nitrococcus",1.17091342413077e-05,0,0.000242052498305907,0
"Nitrosococcus",3.12787836017576e-06,0,5.0903357391321e-05,0
"Nitrosomonas",1.56940224633178e-05,0.000832801722418532,0.0010261984994241,0
"Nitrosospira",3.30879248030967e-06,0,7.60864229084852e-05,0
"Nitrospira",8.7785321514284e-06,0,0.000426979637793917,0
"Nocardia",1.18340177305959e-05,0,0.000280565347311422,0
"Nocardioides",5.64223029459224e-06,0,0.000150803541169317,0
"Nocardiopsis",6.14603999102586e-06,0,0.000221670538165665,0
"Nonomuraea",7.14898051635822e-06,0,0.000309671505069073,0
"Nosocomiicoccus",3.06422801311441e-05,0.00188711351586135,0.00252755441468457,0
"Novispirillum",1.30074843664581e-05,0,0.00039137466906275,0
"Novosphingobium",5.63726755789818e-06,0,0.000176981524764398,0
"Oceanicola",1.02897993746515e-06,0,1.21266448581086e-05,0
"Oceanimonas",4.08851408285275e-06,0,6.1288495962266e-05,0
"Oceanirhabdus",3.69068118973412e-06,0,9.78540555056873e-05,0
"Oceaniserpentilla",3.46073244375355e-06,0,7.07363274429409e-05,0
"Oceanisphaera",1.76724418617127e-05,0,0.000492225439557006,0
"Oceanobacillus",0.000661059329599544,0.00320261001905142,0.0172127407163832,0.0138888888888889
"Oceanococcus",1.60315499779299e-06,0,1.88933628372087e-05,0
"Oceanospirillum",2.28939329541578e-05,0,0.00113036650393041,0
"Ochrobactrum",1.43441005596103e-06,0,1.69046846262036e-05,0
"Oenococcus",1.87673094270589e-06,0,3.1463023264092e-05,0
"Oleibacter",4.12639316382456e-06,0,6.26849788721832e-05,0
"Oleispira",9.45213831480863e-06,0,0.000431366275131996,0
"Oligella",0.0292007133337448,0.00196419348396199,0.530985851611201,0.0416666666666667
"Oligoflexus",3.19395362960581e-06,0,6.4877836620829e-05,0
"Olsenella",4.7774962128288e-06,0,0.000121459122365781,0
"Orbus",1.53912929603968e-06,0,1.81388127058755e-05,0
"Orenia",3.1222209656165e-06,0,0.000100792752755329,0
"Oribacterium",3.05290081594068e-06,0,3.59787811540266e-05,0
"Orientia",1.35377737719613e-05,0,0.000475723005597574,0
"Ornatilinea",4.53459071619638e-06,0,0.000111360960714304,0
"Ornithinibacillus",5.74954476881869e-05,0.000404455481585142,0.00197429294897513,0
"Ornithinibacter",5.21249142076104e-06,0,8.73818148272746e-05,0
"Ornithinimicrobium",1.36051904614067e-05,0,0.000260697991680896,0
"Oscillibacter",6.07246648740992e-06,0,0.000184514722571088,0
"Oscillochloris",2.22632333800069e-06,0,4.53205523247416e-05,0
"Ottowia",1.43441005596103e-06,0,1.69046846262036e-05,0
"Oxalophagus",1.88546322827042e-06,0,3.90070348927821e-05,0
"Oxobacter",2.41984419655826e-06,0,4.05225547368899e-05,0
"Paenalcaligenes",5.20494789158374e-06,0,8.95473645038572e-05,0
"Paenibacillus",0.0445108062381778,0.017575666291531,0.833957562052403,0.0694444444444444
"Paenisporosarcina",6.43035908068672e-06,0,0.00015987931564394,0
"Pantoea",0.0827766065364645,0.00924616342061957,1.49068993957741,0.152777777777778
"Papillibacter",4.54335492542143e-06,0,9.56773441492177e-05,0
"Parabacteroides",3.89191671998144e-06,0,4.58666784085363e-05,0
"Paracoccus",0.00121063890611125,0,0.0233249650122737,0.0555555555555556
"Paraferrimonas",6.49733230657452e-06,0,0.000195142704847067,0
"Paraglaciecola",3.52267613802893e-06,0,4.15151364187383e-05,0
"Paraliobacillus",7.67567609806369e-06,0,0.000129599616310458,0
"Paramoritella",4.07677863197096e-06,0,6.08310572012581e-05,0
"Paraperlucidibaca",1.60293694673374e-06,0,1.88907930808314e-05,0
"Paraprevotella",5.11463248858684e-06,0,0.000124848956047519,0
"Parapusillimonas",5.68258499434678e-06,0,6.69699064028588e-05,0
"Parasutterella",4.73250418529743e-06,0,0.000121639908482186,0
"Parcubacteria_genera_incertae_sedis",4.84428353343761e-06,0,0.000109842795859787,0
"Parvibaculum",8.02369717004122e-06,0,0.000444687161108934,0
"Parvularcula",9.07848993118533e-06,0,0.00033464902347432,0
"Pasteurella",3.35170044865895e-06,0,6.85029365179814e-05,0
"Paucisalibacillus",5.57577849111737e-06,0,0.000178888297655103,0
"Pectobacterium",0.000130477712520509,0,0.00568685690640648,0
"Pediococcus",0.000401418807300751,0,0.00498714711193964,0.0138888888888889
"Pedobacter",5.37663657685034e-06,0,0.000126035539863274,0
"Pelagibacterium",2.84129249717339e-06,0,3.34849532014294e-05,0
"Pelagicoccus",7.69792383632111e-06,0,0.000253351354801727,0
"Pelistega",1.62173015271443e-06,0,1.91122731373179e-05,0
"Pelobacter",1.07754530673638e-06,0,1.26989932238172e-05,0
"Pelolinea",3.0386028096752e-06,0,4.87283405268854e-05,0
"Pelosinus",2.09603699159862e-05,0.000526731630234396,0.00122974152302007,0
"Pelospora",1.83477226825443e-06,0,3.07690732140897e-05,0
"Pelotomaculum",3.08817225976319e-06,0,8.25676478160889e-05,0
"Peptoniphilus",0.00229734506547311,0.00127401975187926,0.0555842549300603,0.0694444444444444
"Peptostreptococcaceae_incertae_sedis",8.67611280740782e-06,0,0.000459609271527777,0
"Peptostreptococcus",2.10399604016492e-06,0,2.47958311265044e-05,0
"Peredibacter",1.91459325041106e-06,0,3.96147277442233e-05,0
"Perexilibacter",2.43408575908788e-06,0,2.86859757706774e-05,0
"Perlucidibaca",3.43857541930094e-05,0,0.00151878787985191,0
"Permianibacter",1.60293694673374e-06,0,1.88907930808314e-05,0
"Petrotoga",2.93673386986688e-06,0,3.46097405653847e-05,0
"Phaeovibrio",3.89191671998144e-06,0,4.58666784085363e-05,0
"Phascolarctobacterium",1.16654257515647e-06,0,1.37478360905993e-05,0
"Phaseolibacter",9.1971180978557e-06,0,0.000186622245885957,0
"Phenylobacterium",1.01100197676033e-05,0,0.000814248906458231,0
"Phocaeicola",1.07754530673638e-06,0,1.26989932238172e-05,0
"Photobacterium",8.90838188907451e-06,0,0.000225824152157548,0
"Photorhabdus",0.000145297596711697,0.00107130003018081,0.00582462701456672,0
"Phreatobacter",1.19557211607395e-06,0,1.40899525112241e-05,0
"Phyllobacterium",2.15347350081642e-06,0,4.35697170942465e-05,0
"Phytomonospora",2.83128362552552e-06,0,5.69417032991189e-05,0
"Pigmentiphaga",1.13000038543103e-06,0,1.33171822546948e-05,0
"Pilibacter",2.47147240360036e-05,0,0.000369471457723292,0
"Piscibacillus",6.31768938560648e-06,0,0.000268404555445665,0
"Piscicoccus",5.13216771193446e-06,0,0.000116767064525463,0
"Piscirickettsia",2.10789422953363e-06,0,4.33189560700948e-05,0
"Planococcaceae_incertae_sedis",4.71802582970947e-06,0,0.000140501536554705,0
"Planococcus",3.2123759661546e-05,0.00122227614031389,0.00228947192714146,0
"Planomicrobium",1.74384426364137e-05,0,0.000968111774991624,0
"Plantactinospora",3.89191671998144e-06,0,4.58666784085363e-05,0
"Plasticicumulans",8.6960476491101e-06,0,0.000242989571325295,0
"Pleomorphobacterium",3.79547404849306e-06,0,7.33399919840147e-05,0
"Plesiocystis",1.15274634909203e-05,0,0.000461108887181002,0
"Plesiomonas",4.41376406773441e-06,0,8.51135938172383e-05,0
"Pluralibacter",0.000792745421141814,0,0.0098057620973752,0.0138888888888889
"Polaribacter",3.89191671998144e-06,0,4.58666784085363e-05,0
"Polycladomyces",2.60298529497347e-06,0,5.3836189653748e-05,0
"Pontibacillus",1.37348400311115e-05,0,0.000763783032998382,0
"Poribacteria_genera_incertae_sedis",9.88756210913617e-06,0,0.000294558736669853,0
"Porphyromonas",2.67522045337893e-06,0,4.31030275022453e-05,0
"Porticoccus",1.6833470960971e-06,0,1.98384357790157e-05,0
"Portibacter",2.69546484752634e-06,0,5.57922962180745e-05,0
"Povalibacter",1.16475553906127e-06,0,1.37267756682469e-05,0
"Pragia",1.42423818662412e-05,0,0.000281112824990443,0
"Prevotella",4.649593281933e-06,0,0.000105419378456099,0
"Pricia",1.53912929603968e-06,0,1.81388127058755e-05,0
"Promicromonospora",5.09346034797549e-06,0,0.000146684153053597,0
"Propionibacterium",0.00368208897753417,0.00599601402709985,0.12961673326847,0.166666666666667
"Propioniciclava",3.67228862863449e-06,0,6.92167909003781e-05,0
"Propionicimonas",1.13000038543103e-06,0,1.33171822546948e-05,0
"Propioniferax",7.36510428534353e-05,0,0.00115625088480208,0
"Propionimicrobium",2.13124714869247e-06,0,3.57698998387081e-05,0
"Propionispira",6.33149690794663e-06,0,0.000246915373358932,0
"Propionispora",1.6117495924201e-06,0,1.89946511062485e-05,0
"Proteiniborus",2.26000077086205e-06,0,2.66343645093897e-05,0
"Proteiniclasticum",4.29230158713769e-06,0,9.28756455339625e-05,0
"Proteinivorax",1.78196815797632e-06,0,2.93716644249038e-05,0
"Proteocatella",9.52993456016482e-06,0,0.000396111903049433,0
"Proteus",0.0373891143689519,0,0.444797649970844,0.0138888888888889
"Providencia",2.05025118153992e-05,0,0.00104365056631797,0
"Pseudoalteromonas",4.38283070383495e-06,0,0.000106385253490158,0
"Pseudobacteriovorax",2.06530745635566e-06,0,3.4646758875332e-05,0
"Pseudobacteroides",1.88484900937165e-06,0,3.15872188673132e-05,0
"Pseudobutyrivibrio",4.79164892892244e-06,0,0.000112398656170487,0
"Pseudocitrobacter",2.72434170398701e-05,0,0.000321066748859754,0
"Pseudoclavibacter",6.57693956175617e-06,0,0.000217375416402531,0
"Pseudohongiella",1.68670402560368e-05,0,0.000791675999597688,0
"Pseudokineococcus",1.0367768519167e-05,0,0.00040799021437691,0
"Pseudomaricurvus",1.19557211607395e-06,0,1.40899525112241e-05,0
"Pseudomonas",0.205250622323806,0.135775514280134,9.17531613222791,0.611111111111111
"Pseudonocardia",7.05241920362765e-06,0,0.000430415550398495,0
"Pseudorhodobacter",4.0347236340384e-06,0,5.86143742065463e-05,0
"Pseudospirillum",7.34149385755701e-06,0,0.000144764335021181,0
"Pseudothermotoga",1.60315499779299e-06,0,1.88933628372087e-05,0
"Pseudoxanthobacter",2.51447679671717e-06,0,5.15319920086395e-05,0
"Pseudoxanthomonas",0.000127733532222303,0,0.00168053310903007,0.0138888888888889
"Psychrobacillus",2.99407499257491e-06,0,4.99436589775057e-05,0
"Psychrobacter",6.31610146959699e-05,0,0.00261434786886269,0
"Psychromonas",5.80698505018112e-06,0,0.000157688526126549,0
"Psychrosphaera",4.14520349144293e-06,0,6.33398361436237e-05,0
"Pullulanibacillus",4.52976982274089e-06,0,0.000158547501044371,0
"Puniceicoccus",1.48264659878669e-06,0,1.74731577350874e-05,0
"Pusillimonas",2.4161504228703e-05,0,0.000297939284466845,0
"Quadrisphaera",5.47210075563299e-06,0,0.000210368669912611,0
"Quatrionicoccus",1.00962177196352e-06,0,1.18985066898164e-05,0
"Rahnella",5.54323359839988e-06,0,0.000103287073675106,0
"Ralstonia",5.72653119751687e-06,0,0.000140859827022684,0
"Raoultella",0.00152230799675209,0,0.0201338037404764,0.0277777777777778
"Rarobacter",3.7782170093666e-06,0,8.470555138502e-05,0
"Rathayibacter",5.19431720818959e-06,0,0.000172213916785776,0
"Reichenbachiella",2.3554209177311e-06,0,2.77589017246051e-05,0
"Reinekea",6.01786452937213e-06,0,0.000253346196272519,0
"Reyranella",1.07569625401849e-06,0,1.26772019285574e-05,0
"Rhabdochromatium",1.48200106134743e-06,0,2.4870058026461e-05,0
"Rheinheimera",2.92968365684323e-05,0,0.00104030062873744,0
"Rhizobacter",3.39957277598695e-06,0,6.93365007335877e-05,0
"Rhizobium",0.000218578753296334,0,0.00334860063081235,0.0138888888888889
"Rhizomicrobium",1.17110988748865e-06,0,1.38016623826307e-05,0
"Rhodobacter",1.30199224664985e-06,0,1.53441257776403e-05,0
"Rhodococcus",4.65056064578627e-05,0,0.000980578234437351,0
"Rhodocyclus",1.6117495924201e-06,0,1.89946511062485e-05,0
"Rhodoglobus",5.00205164621624e-06,0,0.000197113304525009,0
"Rhodoligotrophos",4.7568305241348e-06,0,8.53571868420715e-05,0
"Rhodoluna",5.95529153144514e-06,0,0.000241353839085852,0
"Rhodopila",1.4206462485867e-06,0,1.67424766007147e-05,0
"Rhodothalassium",2.43408575908788e-06,0,2.86859757706774e-05,0
"Rhodothermus",3.47332974266526e-06,0,9.11139949131824e-05,0
"Rickettsia",4.96703972742228e-06,0,0.000118151406353518,0
"Romboutsia",5.5251285404624e-06,0,0.000111583290349555,0
"Roseburia",1.60691884361771e-05,0,0.00064249593580733,0
"Roseicitreum",1.13000038543103e-06,0,1.33171822546948e-05,0
"Rosenbergiella",2.5108899394443e-06,0,2.95911217165691e-05,0
"Roseococcus",7.31556186514132e-06,0,0.000344087139662075,0
"Roseomonas",0.000139570300644733,0,0.00348972843263966,0.0138888888888889
"Roseospira",4.46474641635549e-06,0,0.000108079567115821,0
"Roseovarius",2.35485613630975e-06,0,2.7752245711723e-05,0
"Rothia",0.00123992986781747,0,0.01648917290502,0.0138888888888889
"Ruania",3.94059114876094e-06,0,7.7022492004309e-05,0
"Rubellimicrobium",3.13259784813707e-06,0,5.93374599203504e-05,0
"Rubrobacter",8.48585303868212e-06,0,0.000195728729635609,0
"Ruminobacter",8.27219410339595e-06,0,0.000264793529857004,0
"Ruminococcus",1.83702890991785e-05,0.000906472215591914,0.00135374768426105,0
"Rummeliibacillus",2.13835999960781e-06,0,4.40544919858468e-05,0
"Saccharibacillus",1.55170091274457e-05,0,0.000490891835885777,0
"Saccharibacteria_genera_incertae_sedis",2.4278602179546e-05,0,0.00119178547029636,0
"Saccharofermentans",2.1466117228786e-06,0,2.52980617636999e-05,0
"Saccharomonospora",5.81139291322076e-06,0,0.000233548295755994,0
"Saccharopolyspora",1.11492694817964e-05,0,0.000441682871717852,0
"Saccharospirillum",1.26536602600238e-06,0,1.49124816278226e-05,0
"Saccharothrix",1.59284113907334e-06,0,1.87718128465277e-05,0
"Salana",1.48264659878669e-06,0,1.74731577350874e-05,0
"Salicola",1.10963292806208e-05,0,0.000302627211394104,0
"Salimicrobium",3.19296448613283e-06,0,0.000103222547419348,0
"Salinibacillus",1.86600474545397e-05,0,0.00116290989297365,0
"Salinibacter",3.33873012268719e-06,0,6.63741457429998e-05,0
"Salinicoccus",0.00171692968767849,0.00272938900943231,0.0245560883250127,0.0138888888888889
"Salinicola",1.60315499779299e-06,0,1.88933628372087e-05,0
"Salinisphaera",5.13714332680828e-06,0,0.000149360227802464,0
"Salinispirillum",3.2274927547753e-05,0,0.0012948090955706,0
"Salinispora",4.04847176607276e-06,0,5.9668340791167e-05,0
"Salinithrix",1.25971236075163e-06,0,1.48458525438665e-05,0
"Salinivibrio",3.80267861160502e-06,0,5.89882941538256e-05,0
"Salirhabdus",2.28196276083698e-05,0,0.000402190443723045,0
"Saliterribacillus",2.1297563082968e-06,0,2.50994187978583e-05,0
"Salmonella",0.00911073960311425,0.00238848348318198,0.134098436950629,0.111111111111111
"Salsuginibacillus",3.02488095337236e-06,0,8.89957118002316e-05,0
"Samsonia",3.96180562617708e-05,0,0.00132146064641349,0
"Sandaracinobacter",1.70004049535595e-06,0,2.84305365175279e-05,0
"Sandaracinus",3.75002295298659e-06,0,7.17731170512353e-05,0
"Sanguibacter",3.53185854452065e-06,0,8.27914339114272e-05,0
"Schwartzia",6.2364031838307e-06,0,0.000250262337396196,0
"Sedimentibacter",3.51619079307974e-06,0,8.33812834507799e-05,0
"Sedimenticola",1.30199224664985e-06,0,1.53441257776403e-05,0
"Sediminibacillus",3.90597673994955e-06,0,4.60323773329209e-05,0
"Segniliparus",1.98911139824173e-06,0,3.27975094618549e-05,0
"Seinonella",1.37005270898951e-06,0,2.28797502333704e-05,0
"Selenomonas",1.12531006126769e-05,0,0.000766309156243527,0
"Serinibacter",3.13682947800079e-06,0,6.32731911718474e-05,0
"Serinicoccus",3.28853224873058e-06,0,3.87557242204674e-05,0
"Serpens",1.4380830823839e-05,0,0.000520712075299636,0
"Serratia",6.95992870804088e-05,0,0.00320616924907592,0
"Shewanella",5.22809529051718e-05,0.00111786304618528,0.0032058415759483,0
"Shimwellia",0.000159506952632469,0,0.00204729696071047,0.0138888888888889
"Siccibacter",5.29022912607448e-05,0,0.00245641275993206,0
"Silanimonas",1.62173015271443e-06,0,1.91122731373179e-05,0
"Simiduia",8.50998310131601e-06,0,0.000293857531280625,0
"Simkania",1.26976964646933e-06,0,1.49643787927218e-05,0
"Singulisphaera",1.49604735255802e-06,0,1.76310871328326e-05,0
"Sinibacillus",2.5825939119476e-05,0,0.000877668759410062,0
"Sinobacterium",1.98633014298903e-06,0,3.29833153484328e-05,0
"Sinomonas",1.35589293007705e-05,0,0.000641882183297804,0
"Skermanella",2.4794890677137e-06,0,5.94358926887931e-05,0
"Skermania",1.88474356215129e-06,0,2.22119158932478e-05,0
"Smithella",1.65296057614988e-06,0,1.948032720716e-05,0
"Sodalis",6.11614918895363e-06,0,0.00020129189839584,0
"Solibacillus",1.21202375891148e-06,0,1.42838369814253e-05,0
"Solimonas",6.40555655237995e-06,0,0.000234215719118008,0
"Solirubrobacter",1.25544496972215e-06,0,1.47955608582846e-05,0
"Spartobacteria_genera_incertae_sedis",1.25038333613884e-06,0,1.47359089344405e-05,0
"Spelaeicoccus",6.42338095294549e-06,0,0.000111629627261787,0
"Sphaerochaeta",1.42708011670531e-06,0,1.68183004636469e-05,0
"Sphingobacterium",4.01965837441876e-06,0,0.000127975246548692,0
"Sphingobium",0.000261327395379669,0,0.00348331355104576,0.0138888888888889
"Sphingomonas",0.000485658080803452,0,0.00617583566168512,0.0138888888888889
"Sphingosinicella",1.91223132295643e-06,0,3.20334457391121e-05,0
"Spiribacter",6.36839444192986e-06,0,0.000200820877808662,0
"Spirochaeta",1.94034341632277e-06,0,3.22295158620305e-05,0
"Spiroplasma",1.23539587945715e-05,0,0.000609482872908989,0
"Spongiibacter",1.9135571388622e-06,0,3.14753597108342e-05,0
"Sporacetigenium",1.59284113907334e-06,0,1.87718128465277e-05,0
"Sporanaerobacter",1.5192287290392e-06,0,1.79042822746173e-05,0
"Sporichthya",1.13000038543103e-06,0,1.33171822546948e-05,0
"Sporobacter",5.23257397861052e-06,0,0.000109529628282618,0
"Sporohalobacter",2.77666943704183e-06,0,4.5095248594527e-05,0
"Sporolactobacillaceae_incertae_sedis",8.04923640154181e-06,0,0.000370272896155952,0
"Sporolactobacillus",4.23731718918168e-05,0.00167850671877662,0.00309387478715043,0
"Sporolituus",2.65495178248088e-06,0,4.40698746102276e-05,0
"Sporomusa",5.05732690273589e-06,0,0.000172197490870594,0
"Sporosalibacterium",2.20219352800806e-06,0,4.54638632851164e-05,0
"Sporosarcina",5.010954470971e-05,0,0.00143362281838385,0
"Stackebrandtia",7.52495585914129e-06,0,0.000351024277346118,0
"Staphylococcus",0.409069849511661,60.2542782206573,50.854104398741,1
"Stenotrophomonas",0.00112629987025054,0,0.0212501995398394,0.0416666666666667
"Streptacidiphilus",6.20399599192738e-06,0,0.000121543698278246,0
"Streptococcus",0.0146085073515618,0,0.174174495907141,0.0138888888888889
"Streptomyces",3.0344291022632e-05,0.00042834624083339,0.00150457279745166,0
"Streptosporangium",1.30006632413123e-05,0,0.00034827996846117,0
"Subdivision3_genera_incertae_sedis",3.40688683013906e-06,0,8.99066990253656e-05,0
"Subdoligranulum",1.17110988748865e-06,0,1.38016623826307e-05,0
"Succinatimonas",1.60315499779299e-06,0,1.88933628372087e-05,0
"Succinimonas",1.80745719987662e-06,0,3.03342991815522e-05,0
"Succinivibrio",1.33642611925242e-05,0,0.000462377800922219,0
"Sulfitobacter",1.10489794822871e-05,0,0.000195986848931651,0
"Sulfobacillus",2.53615877745459e-06,0,5.22311281880539e-05,0
"Sulfuriferula",8.38261098388275e-06,0,0.000190122298275814,0
"Sulfurimonas",1.56365521895949e-06,0,1.84278534793999e-05,0
"Sulfurivirga",3.89191671998144e-06,0,4.58666784085363e-05,0
"Sutterella",3.81822752758796e-06,0,9.88912876416859e-05,0
"Symbiobacterium",1.36045910232214e-06,0,1.60331642796492e-05,0
"Syntrophaceticus",2.17504695814179e-06,0,3.64175834800423e-05,0
"Syntrophobacter",1.56365521895949e-06,0,1.84278534793999e-05,0
"Syntrophomonas",4.44479505408284e-06,0,0.000149373964787663,0
"Syntrophorhabdus",2.3554209177311e-06,0,2.77589017246051e-05,0
"Syntrophothermus",1.41489837318571e-06,0,1.66747372394906e-05,0
"Syntrophus",4.48270085723108e-06,0,0.000109770922297521,0
"Tahibacter",1.4206462485867e-06,0,1.67424766007147e-05,0
"Tatumella",0.000306312258189401,0,0.00557797032077647,0.0138888888888889
"Taylorella",2.43408575908788e-06,0,2.86859757706774e-05,0
"Telluria",1.90320700047378e-05,0,0.000745459793533432,0
"Temperatibacter",4.20993179475039e-06,0,6.92740381433433e-05,0
"Tenuibacillus",1.90280505590617e-06,0,3.19204620250998e-05,0
"Tepidamorphus",3.17640909378896e-06,0,3.74343401673465e-05,0
"Tepidibacillus",8.73791811787077e-06,0,0.0004639832341193,0
"Tepidibacter",1.13000038543103e-06,0,1.33171822546948e-05,0
"Tepidimicrobium",1.07040059119153e-05,0,0.000156826791306737,0
"Tepidimonas",2.10399604016492e-06,0,2.47958311265044e-05,0
"Tepidisphaera",5.39512590174684e-06,0,6.35821685080063e-05,0
"Terasakiella",1.19557211607395e-06,0,1.40899525112241e-05,0
"Teredinibacter",1.97424001828965e-06,0,4.06375064982408e-05,0
"Terribacillus",1.27422320977283e-05,0,0.000655124535265465,0
"Terrisporobacter",4.35710234175178e-06,0,8.00664779800979e-05,0
"Tessaracoccus",0.000805013534789594,0,0.0180952084020029,0.0416666666666667
"Tetragenococcus",8.40450634461724e-06,0,0.000391601870203371,0
"Tetrasphaera",5.74737783880382e-05,0,0.00166491559428675,0
"Texcoconibacillus",5.35751794003636e-06,0,0.000243062369446655,0
"Thalassobacillus",9.61145509437033e-06,0,0.000302876938662312,0
"Thalassobaculum",2.14567367949966e-06,0,4.39286326223611e-05,0
"Thalassolituus",7.34695038784796e-06,0,0.00017339225269661,0
"Thermaerobacter",4.76705105985682e-06,0,9.25189429703501e-05,0
"Thermanaerovibrio",3.89191671998144e-06,0,4.58666784085363e-05,0
"Thermicanus",5.92545642113534e-06,0,0.000152026675379413,0
"Thermithiobacillus",1.07569625401849e-06,0,1.26772019285574e-05,0
"Thermoactinomyces",1.97906338990677e-06,0,3.32136627839153e-05,0
"Thermoanaerobacter",9.43009366834736e-06,0,0.000459822136993362,0
"Thermobacillus",4.5876122410424e-06,0,0.000114211539371001,0
"Thermobifida",8.7379334779947e-07,0,1.0297753359745e-05,0
"Thermochromatium",8.7379334779947e-07,0,1.0297753359745e-05,0
"Thermodesulfobium",3.28444762531909e-06,0,8.47685744549832e-05,0
"Thermodesulfovibrio",3.14604015870526e-06,0,7.41048075261537e-05,0
"Thermohalobacter",1.24655713447914e-05,0,0.000605743437439657,0
"Thermolithobacter",3.16712584055742e-06,0,7.19361179874128e-05,0
"Thermolongibacillus",3.64468950051107e-06,0,0.000100949612122948,0
"Thermomarinilinea",7.50527138500603e-06,0,0.000328061010301012,0
"Thermomicrobium",1.73759345798487e-06,0,2.91610479520099e-05,0
"Thermomonas",4.47307426118342e-06,0,9.83513997866089e-05,0
"Thermomonospora",4.31355659692136e-06,0,9.75671131053685e-05,0
"Thermopolyspora",1.00962177196352e-06,0,1.18985066898164e-05,0
"Thermorudis",2.99586606445289e-06,0,4.99708176178528e-05,0
"Thermosediminibacter",1.38386268594495e-06,0,1.63089781577117e-05,0
"Thermosyntropha",3.17366453080765e-06,0,5.31486031203167e-05,0
"Thermus",4.56100733061929e-06,0,0.000104969615711532,0
"Thioalkalimicrobium",7.29483299649903e-06,0,0.000277615428309162,0
"Thioalkalispira",7.73274562274212e-06,0,0.000192442221694424,0
"Thioalkalivibrio",6.59394077344436e-06,0,0.000228829703692243,0
"Thiobacillus",4.15843601275453e-06,0,6.81495009281279e-05,0
"Thiocapsa",3.6854037192631e-06,0,9.63679459260379e-05,0
"Thiococcus",1.60315499779299e-06,0,1.88933628372087e-05,0
"Thiocystis",6.24148897714433e-06,0,0.000168196107733428,0
"Thiodictyon",3.52267613802893e-06,0,4.15151364187383e-05,0
"Thiofaba",7.9032407621551e-06,0,0.00010920651455216,0
"Thioflavicoccus",1.16475553906127e-06,0,1.37267756682469e-05,0
"Thiogranum",1.16654257515647e-06,0,1.37478360905993e-05,0
"Thiohalobacter",5.31269152253254e-06,0,0.000121816787905969,0
"Thiohalocapsa",2.59882663272401e-05,0,0.00115501970053978,0
"Thiohalophilus",1.53912929603968e-06,0,1.81388127058755e-05,0
"Thiohalorhabdus",5.16910541225628e-06,0,0.000241649696025807,0
"Thiolamprovum",8.62174011851006e-05,0.00271422427743589,0.00648874464451196,0
"Thiomicrospira",1.91034048786924e-06,0,3.12833379399616e-05,0
"Thiomonas",9.65252130001733e-06,0,0.000290441542720764,0
"Thiophaeococcus",4.7001180346322e-06,0,0.000168789338262148,0
"Thioprofundum",1.43441005596103e-06,0,1.69046846262036e-05,0
"Thiopseudomonas",4.19661615399191e-06,0,0.000104878708081608,0
"Thioreductor",1.17110988748865e-06,0,1.38016623826307e-05,0
"Thiorhodococcus",8.71010628835199e-06,0,0.000281686531061554,0
"Thiorhodospira",4.2185454135987e-06,0,6.5705114187552e-05,0
"Thiothrix",7.41594289274081e-06,0,0.000256499532074026,0
"Thiovirga",4.79365584079523e-06,0,0.000108911672554034,0
"Thorsellia",6.47531376698357e-06,0,0.000207415092147596,0
"Tissierella",1.07569625401849e-06,0,1.26772019285574e-05,0
"Tistrella",1.10682137724017e-05,0,0.00046602180539188,0
"Tolumonas",1.09873458850944e-05,0,0.00041667405419875,0
"Tomitella",1.61589654514106e-06,0,2.71188446373255e-05,0
"Trabulsiella",0.0109069683639911,0,0.14020914777915,0.0416666666666667
"Treponema",3.88474392881964e-06,0,0.000112605244049274,0
"Trichococcus",6.02359970624252e-06,0,0.000184352845965138,0
"Tropheryma",4.53069347740583e-06,0,9.5498959901258e-05,0
"Trueperella",3.4073607740372e-05,0,0.000434341451280877,0
"Tsukamurella",1.62173015271443e-06,0,1.91122731373179e-05,0
"Tuberibacillus",8.68818052701171e-06,0,0.000262254572092069,0
"Tumebacillus",1.49443841521554e-05,0.000905580050509422,0.00112007620703583,0
"Turicella",3.76948712430258e-06,0,4.44238317864955e-05,0
"Turicibacter",1.80672052271419e-05,0.00106118232181359,0.00141715310521028,0
"Umboniibacter",4.05111407570748e-06,0,0.000104694417850691,0
"Ureibacillus",4.37543658288329e-05,0.00241394752599875,0.00340440103766336,0
"Uruburuella",5.01614060982358e-06,0,0.00016474862512858,0
"Vagococcus",1.02024221093415e-05,0,0.000342317965166084,0
"Vampirovibrio",1.38386268594495e-06,0,1.63089781577117e-05,0
"Varibaculum",6.80910230113699e-06,0,0.000238373789439411,0
"Veillonella",0.000995665412518009,0,0.0135801235961566,0.0138888888888889
"Verrucosispora",3.61833605030195e-06,0,8.48379569544695e-05,0
"Vibrio",2.47660660015354e-05,0,0.00105806798226361,0
"Virgibacillus",0.000140893810039788,0.00275534317375669,0.00829570161962358,0
"Viridibacillus",2.36780441060761e-06,0,6.3739708725412e-05,0
"Vitreoscilla",1.5436079092516e-06,0,2.58991791283203e-05,0
"Vogesella",9.51548751793899e-06,0,0.000184327074454611,0
"Volucribacter",1.13000038543103e-06,0,1.33171822546948e-05,0
"Vulcanibacillus",5.69035338968653e-06,0,0.000173248899950481,0
"Vulgatibacter",7.19502281129473e-06,0,0.000297051544687053,0
"Weissella",5.20510037228066e-06,0,0.000209546971151871,0
"Wohlfahrtiimonas",1.56365521895949e-06,0,1.84278534793999e-05,0
"Xanthobacter",1.0648781541484e-06,0,1.25497093989292e-05,0
"Xanthomonas",0.000204684172910134,0,0.0029550515223221,0.0138888888888889
"Xenorhabdus",6.00115277382763e-05,0.00119042484876357,0.00354022109734953,0
"Xylanimonas",1.27436936566273e-06,0,1.50185870032753e-05,0
"Xylella",6.997662333982e-06,0,8.2468241480206e-05,0
"Yersinia",1.02507762115967e-05,0,0.00026846436099779,0
"Yonghaparkia",1.26536602600238e-06,0,1.49124816278226e-05,0
"Youngiibacter",1.26536602600238e-06,0,1.49124816278226e-05,0
"Youngimonas",1.08612546953862e-06,0,1.28001114121697e-05,0
"Zhihengliuella",7.51466857772999e-06,0,0.000209492260863524,0
"Zhongshania",2.88751727832993e-06,0,3.40297174716737e-05,0
"Zimmermannella",0.00186915608899595,0,0.0248668059836375,0.0277777777777778
"Zobellella",6.3381918588517e-06,0,0.000223356847143612,0
"Zymobacter",1.24882972583325e-05,0,0.000572944586644096,0
